{
    "packages": [
        {
            "SHA1": "598660fdcb5040cb7cf6ddf13c4aa789569afada", 
            "Maintainer": "gebeto <slavik.nychkalo@gmail.com>", 
            "Description": "\u0412\u0437\u043b\u043e\u043c  \u043d\u0430 \u043f\u043e\u0434\u043f\u0438\u0441\u043a\u0443, \u0432\u0441\u0435 \u043e\u0442\u043a\u0440\u044b\u0442\u043e", 
            "Package": "com.gebeto.audioenglish", 
            "Author": "gebeto <slavik.nychkalo@gmail.com>", 
            "Section": "Tweaks (Hacks)", 
            "MD5sum": "2ce20f86da0c76e7813b2c9db3de994d", 
            "Filename": "./debs/audioenglish_1.0.deb", 
            "Depends": "mobilesubstrate", 
            "Version": "1.0", 
            "Architecture": "iphoneos-arm", 
            "Name": "\u0421\u0430\u043c\u043e\u0443\u0447\u0438\u0442\u0435\u043b\u044c \u0430\u043d\u0433\u043b\u0438\u0439\u0441\u043a\u043e\u0433\u043e \u044f\u0437\u044b\u043a\u0430. \u041f\u043e\u043b\u043d\u044b\u0439 \u043a\u0443\u0440\u0441: \u0438\u043d\u043e\u0441\u0442\u0440\u0430\u043d\u043d\u044b\u0439 \u044f\u0437\u044b\u043a \u0441 \u043d\u0443\u043b\u044f \u0434\u043b\u044f \u043d\u0430\u0447\u0438\u043d\u0430\u044e\u0449\u0438\u0445", 
            "SHA256": "8e88905164f533b4e1d29ad71ec464309569a6edcca5cf9096f71a9b59f97cdc", 
            "Size": "5556"
        }, 
        {
            "SHA1": "5816b4551d9b9abfe930ff31eae0e6326602b4af", 
            "Maintainer": "gebeto <slavik.nychkalo@gmail.com>", 
            "Description": "Beat Awesome Notes Hack for premium subscription", 
            "Package": "com.gebeto.bearnoteshack", 
            "Author": "gebeto <slavik.nychkalo@gmail.com>", 
            "Section": "Tweaks (Hacks)", 
            "MD5sum": "42db9d0538f5d8c0e23e4e961be64596", 
            "Filename": "./debs/bearnoteshack_0.1.deb", 
            "Depends": "mobilesubstrate", 
            "Version": "0.1", 
            "Architecture": "iphoneos-arm", 
            "Name": "Bear (Notes) Hack", 
            "SHA256": "bd3a15bf629b234879a63b2dd0ce18bc8834980a53b58f0ec95adb7026a46047", 
            "Size": "3092"
        }, 
        {
            "SHA1": "d74c85b799329f7a51c91f546770c4488edc4e24", 
            "Maintainer": "gebeto <slavik.nychkalo@gmail.com>", 
            "Description": "Clone (Git Client) Hack, full activated PUSH and PULL", 
            "Package": "com.gebeto.clone-gitclienthack", 
            "Author": "gebeto <slavik.nychkalo@gmail.com>", 
            "Section": "Tweaks (Hacks)", 
            "MD5sum": "eabc0fba94204ccff666007a579f92fe", 
            "Filename": "./debs/clone-gitclienthack_0.1.deb", 
            "Depends": "mobilesubstrate", 
            "Version": "0.1", 
            "Architecture": "iphoneos-arm", 
            "Name": "Clone - Git Client Hack", 
            "SHA256": "4a33d529845ad7f9bd102e6f9d594a3a89c00cfdd9ae3cd57cba370f47c1963e", 
            "Size": "3944"
        }, 
        {
            "Pre-Depends": "firmware (>= 3.1)", 
            "SHA1": "8f5708ef8c8a6dd4dfefac3699b99308213b2582", 
            "Maintainer": "gebeto <slavik.nychkalo@gmail.com>", 
            "Description": "Clutch is an extremely fast cracking utility.", 
            "Package": "com.gebeto.clutch20rc", 
            "Author": "KJCracks", 
            "Section": "Terminal Support", 
            "MD5sum": "c50d48eea9f58b9e0825deba4d68d0ce", 
            "Filename": "./debs/clutch20rc_2.0.4.deb", 
            "Depends": "zip", 
            "Version": "2.0.4", 
            "Architecture": "iphoneos-arm", 
            "Conflicts": "com.sull.clutch, com.sull.clutchbeta", 
            "Name": "Clutch 2.0.4", 
            "SHA256": "cb5c99d9a86a26ac631c00b4b0809e740a6ca599c175e4ea5cd124b34d5098b8", 
            "Size": "250648"
        }, 
        {
            "SHA1": "176d2ff2d6162662be4a2e58f66b2b590b6ad1f7", 
            "Maintainer": "gebeto <slavik.nychkalo@gmail.com>", 
            "Description": "\u0425\u043e\u0440\u043e\u0448\u0438\u0435 \u0447\u0430\u0441\u044b \u0441 \u043f\u0435\u0440\u0435\u0445\u043e\u0434\u043e\u043c \u0438 \u0434\u0430\u0442\u043e\u0439", 
            "Package": "com.gebeto.colorflowlockhtml", 
            "Author": "gebeto <slavik.nychkalo@gmail.com>", 
            "Section": "Widgets", 
            "MD5sum": "576c19f48432ce211ee3be9814a58480", 
            "Filename": "./debs/colorflowlockhtml_2.0.deb", 
            "Version": "2.0", 
            "Architecture": "iphoneos-arm", 
            "Name": "ColorFlow LockHTML", 
            "SHA256": "fddced986fe0eecc19efec61c3dd51e44df0d3cf98643026bfb774856c586bca", 
            "Size": "25888"
        }, 
        {
            "SHA1": "81592e5bade897622fd9733a23c353ef32c31e93", 
            "Maintainer": "gebeto <slavik.nychkalo@gmail.com>", 
            "Description": "\u041a\u043e\u0440\u043e\u043d\u044b \u0434\u043b\u044f Zeppelin", 
            "Package": "com.gebeto.crownkingzeppelin", 
            "Author": "gebeto <slavik.nychkalo@gmail.com>", 
            "Section": "Addons", 
            "MD5sum": "4b870543d7f8dcb32bece66a55bb4448", 
            "Filename": "./debs/crownkingzeppelin_1.0.deb", 
            "Version": "1.0", 
            "Architecture": "iphoneos-arm", 
            "Name": "Crown : King Zeppelin", 
            "SHA256": "8cf26a11c7d388fa2fa9644bbfd1212d6bd20631a2dd71c9e842edc9af797678", 
            "Size": "42700"
        }, 
        {
            "SHA1": "f77890313c1b246f9e3a0e65947a0297384f0894", 
            "Maintainer": "gebeto <slavik.nychkalo@gmail.com>", 
            "Description": "Cute Cut Pro Upgrade The best way to hack this shit", 
            "Package": "com.gebeto.cutecuthack", 
            "Author": "gebeto <slavik.nychkalo@gmail.com>", 
            "Section": "Tweaks (Hacks)", 
            "MD5sum": "be81036c9d5033c157246bb4cd72af29", 
            "Filename": "./debs/cutecuthack_0.0.1-5debug.deb", 
            "Depends": "mobilesubstrate", 
            "Version": "0.0.1-5+debug", 
            "Architecture": "iphoneos-arm", 
            "Name": "Cute Cut Hack", 
            "SHA256": "c4a8073762c9aec27ce9fecbac2e0490895a1feba46e1d37ce8b9a79c4250aa4", 
            "Size": "4592"
        }, 
        {
            "SHA1": "df0c738de2a3e0a1603273cb83ef62320af611ce", 
            "Maintainer": "gebeto <slavik.nychkalo@gmail.com>", 
            "Description": "\u0425\u0430\u043a \u043d\u0430 \u043f\u0440\u0438\u043b\u043e\u0436\u0435\u043d\u0438\u0435 DrumPads24, \u0432\u0441\u0435 \u043a\u0443\u043f\u043b\u0435\u043d\u043e \u0438 \u0443\u0431\u0440\u0430\u043d\u0430 \u0440\u0435\u043a\u043b\u0430\u043c\u0430", 
            "Package": "com.gebeto.drompads24hack", 
            "Author": "gebeto <slavik.nychkalo@gmail.com>", 
            "Section": "Tweaks (Hacks)", 
            "MD5sum": "be76bcb0d670a07ff79d3d0097c34b64", 
            "Filename": "./debs/drompads24hack_0.1.deb", 
            "Depends": "mobilesubstrate", 
            "Version": "0.1", 
            "Architecture": "iphoneos-arm", 
            "Name": "DrumPads24 Hack", 
            "SHA256": "276c0c613abfad039cd0a7d507280e9a27efba77f2c233cfb99da2c2afd2afb2", 
            "Size": "3884"
        }, 
        {
            "SHA1": "724124f8d48d5d0e1bea75c3c23269027ab2ce04", 
            "Maintainer": "gebeto <slavik.nychkalo@gmail.com>", 
            "Description": "Easy Ten Premium Hack", 
            "Package": "com.gebeto.easytenhack", 
            "Author": "gebeto <slavik.nychkalo@gmail.com>", 
            "Section": "Tweaks (Hacks)", 
            "MD5sum": "55cd6046bc58185f584cb53ddb2fc461", 
            "Filename": "./debs/easytenhack_0.1.deb", 
            "Depends": "mobilesubstrate", 
            "Version": "0.1", 
            "Architecture": "iphoneos-arm", 
            "Name": "EasyTen Hack", 
            "SHA256": "2e89aa3ec68f115db577c8ceddbbb916deed42904129323af175c3d66e8fef5d", 
            "Size": "3312"
        }, 
        {
            "SHA1": "06b95fd0c4b20d4c81b2f101327fbea4d412f246", 
            "Maintainer": "gebeto <slavik.nychkalo@gmail.com>", 
            "Description": "English With Words Hack      English With Words Hack      English With Words Hack", 
            "Package": "com.gebeto.englishwithwordshack", 
            "Author": "gebeto <slavik.nychkalo@gmail.com>", 
            "Section": "Tweaks (Hacks)", 
            "MD5sum": "70e813ad62fbf00e938bb975ad237825", 
            "Filename": "./debs/englishwithwordshack_0.0.1.deb", 
            "Depends": "mobilesubstrate", 
            "Version": "0.0.1", 
            "Architecture": "iphoneos-arm", 
            "Name": "English With Words Hack", 
            "SHA256": "41b25a029252170c2f1dde4f1b9ba90f02a06171c4260bf1dedd4c505a0a92fc", 
            "Size": "3804"
        }, 
        {
            "SHA1": "29f55a2a883835f0aa85fef84624b2afae44ec8c", 
            "Maintainer": "gebeto <slavik.nychkalo@gmail.com>", 
            "Description": "\u0412\u0441\u0435 \u0431\u0435\u0441\u043f\u043b\u0430\u0442\u043d\u043e! Facetune 2 \u0432\u0437\u043b\u043e\u043c \u043d\u0430 \u043f\u043e\u043a\u0443\u043f\u043a\u0438.", 
            "Package": "com.gebeto.facetune2hack", 
            "Author": "gebeto <slavik.nychkalo@gmail.com>", 
            "Section": "Tweaks (Hacks)", 
            "MD5sum": "884f2756e17dd043aac9c7aedb3229b2", 
            "Filename": "./debs/facetune2hack_0.1.deb", 
            "Depends": "mobilesubstrate", 
            "Version": "0.1", 
            "Architecture": "iphoneos-arm", 
            "Name": "Facetune 2 Hack", 
            "SHA256": "e84db4669e64659359aabe7a3c5e2fbedafd3ef505edbe3b76802d875d8c8bb9", 
            "Size": "6108"
        }, 
        {
            "SHA1": "ee4369f980a2d7ebb17ac90fb7b2ac65747de367", 
            "Maintainer": "gebeto <slavik.nychkalo@gmail.com>", 
            "Description": "Glitche hack, open all modes and filters", 
            "Package": "com.gebeto.glitchehack", 
            "Author": "gebeto <slavik.nychkalo@gmail.com>", 
            "Section": "Tweaks (Hacks)", 
            "MD5sum": "92e92a3576f78795947d0aaed1e7bf1f", 
            "Filename": "./debs/glitchehack_1.0.deb", 
            "Depends": "mobilesubstrate", 
            "Version": "1.0", 
            "Architecture": "iphoneos-arm", 
            "Name": "Glitche Hack", 
            "SHA256": "79091b3d18524565847f3c4a1c34e1b6a2071540b875154935353d769a40d062", 
            "Size": "5496"
        }, 
        {
            "SHA1": "2c99e6390e131c6db8db8c0bb0cbb11b76f86d87", 
            "Maintainer": "gebeto <slavik.nychkalo@gmail.com>", 
            "Description": "Infuse \u0432\u0437\u043b\u043e\u043c \u043d\u0430 \u043f\u0440\u0435\u043c\u0438\u0443\u043c!", 
            "Package": "com.gebeto.infusehack", 
            "Author": "gebeto <slavik.nychkalo@gmail.com>", 
            "Section": "Tweaks (Hacks)", 
            "MD5sum": "de5930900dbdcf4a6a8a7ff5c9bbd83d", 
            "Filename": "./debs/infusehack_0.1.deb", 
            "Depends": "mobilesubstrate", 
            "Version": "0.1", 
            "Architecture": "iphoneos-arm", 
            "Name": "Infuse Hack", 
            "SHA256": "7dc04ee1820e4d4f14ec45b888192e379a512ce7179f2013f0938466b1ca4705", 
            "Size": "6844"
        }, 
        {
            "SHA1": "313167b981065e6e80e78355ed081c468c8e320e", 
            "Maintainer": "gebeto <slavik.nychkalo@gmail.com>", 
            "Description": "Select username for likes in InstaLikes", 
            "Package": "com.gebeto.instalikesuserselector", 
            "Author": "gebeto <slavik.nychkalo@gmail.com>", 
            "Section": "Tweaks", 
            "MD5sum": "f039b19442a0353b0b8d9f4d2e86e74f", 
            "Filename": "./debs/instalikesuserselector_0.0.1-26debug.deb", 
            "Depends": "mobilesubstrate", 
            "Version": "0.0.1-26+debug", 
            "Architecture": "iphoneos-arm", 
            "Name": "InstaLikes User Selector", 
            "SHA256": "58b6584e19a272607a183fdb1dbbddc0bc5cc2d7312ae3a89a2949b8d706bc64", 
            "Size": "7540"
        }, 
        {
            "SHA1": "a585160003e21baec8207dc251165d7ed827f7bc", 
            "Maintainer": "gebeto <slavik.nychkalo@gmail.com>", 
            "Description": "\u0418\u0437\u043c\u0435\u043d\u044f\u0435\u0442 \u0432\u0438\u0434 \u0438\u043d\u0434\u0438\u043a\u0430\u0442\u043e\u0440\u0430 \u0432\u0438\u0444\u0438 \u0438 \u0441\u0432\u044f\u0437\u0438.", 
            "Package": "com.gebeto.kingstatusbar", 
            "Author": "gebeto <slavik.nychkalo@gmail.com>", 
            "Section": "Themes", 
            "MD5sum": "a4a00ffd0c4b2e59cf0d39d557c133b0", 
            "Filename": "./debs/kingstatusbar_3.0.deb", 
            "Version": "3.0", 
            "Architecture": "iphoneos-arm", 
            "Name": "KingStatusBar", 
            "SHA256": "7b8e1c8e5dd802c900a3a22038b8f00bd298a1f77106ae0a6175e37c53cf4428", 
            "Size": "7516"
        }, 
        {
            "SHA1": "382d7640c3d34369bdc31d066e5d5ff4bdd6d43e", 
            "Maintainer": "gebeto <slavik.nychkalo@gmail.com>", 
            "Description": "Enter LazyTool2 access token  \u0414\u043b\u044f \u0430\u043a\u0442\u0438\u0432\u0430\u0446\u0438\u0438 \u0442\u0432\u0438\u043a\u0430, \u0441\u0434\u0435\u043b\u0430\u0439\u0442\u0435 \u0434\u043b\u0438\u043d\u043d\u044b\u0439 \u0442\u0430\u043f \u043f\u043e \u043d\u0438\u0436\u043d\u0435\u043c\u0443 \u0431\u0430\u0440\u0443 \u0432 \u043f\u0440\u0438\u043b\u043e\u0436\u0435\u043d\u0438\u0438. \u041e\u0442\u043a\u0440\u043e\u0435\u0442\u0441\u044f \u043e\u043a\u043e\u0448\u043a\u043e \u0434\u043b\u044f \u0432\u0432\u043e\u0434\u0430 vk access_token \u0412\u0441\u0442\u0430\u0432\u0442\u0435 \u0442\u0430\u043c \u0441\u0432\u043e\u0439 \u0442\u043e\u043a\u0435\u043d \u0438 \u043d\u0430\u0436\u043c\u0438\u0442\u0435 OK \u041f\u043e\u0441\u043b\u0435 \u044d\u0442\u043e\u0433\u043e \u0430\u0432\u0442\u043e\u0440\u0438\u0437\u0438\u0440\u0443\u0439\u0442\u0435\u0441\u044c \u0447\u0435\u0440\u0435\u0437 \u0432\u043a \u0432 \u0441\u0430\u043c\u043e\u043c lazytool", 
            "Package": "com.gebeto.lazytoken1", 
            "Author": "gebeto <slavik.nychkalo@gmail.com>", 
            "Section": "Tweaks", 
            "MD5sum": "56c576a2a3022c787ffbfb896bb7f87e", 
            "Filename": "./debs/lazytoken1_1.5.deb", 
            "Depends": "mobilesubstrate", 
            "Version": "1.5", 
            "Architecture": "iphoneos-arm", 
            "Name": "Lazy Token", 
            "SHA256": "f89225fe930a856febd618d23b9f9e2d44bbe97ddb1fff1dbadef75e807835b4", 
            "Size": "7888"
        }, 
        {
            "SHA1": "046e9a55a4042b52d5a28cd091a6fe87c51221f5", 
            "Maintainer": "gebeto <slavik.nychkalo@gmail.com>", 
            "Description": "Lazy Tool 2 Unlimited hack!!!!", 
            "Package": "com.gebeto.lazytool2unlimited", 
            "Author": "gebeto <slavik.nychkalo@gmail.com>", 
            "Section": "Tweaks (Hacks)", 
            "MD5sum": "7d89848213ad242096dd5a316cf8ac0c", 
            "Filename": "./debs/lazytool2unlimited_2.0.deb", 
            "Depends": "mobilesubstrate", 
            "Version": "2.0", 
            "Architecture": "iphoneos-arm", 
            "Name": "LazyTool2 Unlimited", 
            "SHA256": "4125c51e7e2ac66745947348f25e74be212364b8d7abb0940686592920644a47", 
            "Size": "5064"
        }, 
        {
            "SHA1": "34b15d8b0163d79bdba2e519b4db87dba8223e6f", 
            "Maintainer": "gebeto <slavik.nychkalo@gmail.com>", 
            "Description": "An awesome MobileSubstrate tweak!", 
            "Package": "com.gebeto.likeshack", 
            "Author": "gebeto <slavik.nychkalo@gmail.com>", 
            "Section": "Tweaks (Hacks)", 
            "MD5sum": "cd1cb41c8bb5167271b070c60429f38f", 
            "Filename": "./debs/likeshack_0.0.1-1debug.deb", 
            "Depends": "mobilesubstrate", 
            "Version": "0.0.1-1+debug", 
            "Architecture": "iphoneos-arm", 
            "Name": "likesHACK", 
            "SHA256": "88af66ff555a90eed681d2b49d48fb7fb867e3aeeebfbb91fb80992e9d95289f", 
            "Size": "3600"
        }, 
        {
            "SHA1": "82cd985fecf074cd5242bf6f595372c616f8f4a6", 
            "Maintainer": "gebeto <slavik.nychkalo@gmail.com>", 
            "Description": "\u0412\u0437\u043b\u043e\u043c Lingualeo \u043d\u0430 \u043f\u0440\u0435\u043c\u0438\u0443\u043c, \u0432\u0441\u0435 \u043e\u0442\u043a\u0440\u044b\u0442\u043e", 
            "Package": "com.gebeto.lingualeohack", 
            "Author": "gebeto <slavik.nychkalo@gmail.com>", 
            "Section": "Tweaks (Hacks)", 
            "MD5sum": "9695a20854ddebef1cd32e5cbd9741ce", 
            "Filename": "./debs/lingualeohack_1.4.deb", 
            "Depends": "mobilesubstrate", 
            "Version": "1.4", 
            "Architecture": "iphoneos-arm", 
            "Name": "Lingualeo Hack", 
            "SHA256": "6743d41dd7c5183133a9ce7cf90018b7f7a906c841a5755586e2188a313fb0eb", 
            "Size": "9020"
        }, 
        {
            "SHA1": "af9e0c4beb56a55f4c893c4148911483d227dbea", 
            "Maintainer": "gebeto <slavik.nychkalo@gmail.com>", 
            "Description": "Hack for Abbyy Lingvo! All purchased.", 
            "Package": "com.gebeto.lingvohack", 
            "Author": "Alexander Orlov", 
            "Section": "Tweaks (Hacks)", 
            "MD5sum": "748cfcc6761146775975272f9cef9029", 
            "Filename": "./debs/lingvohack_1.0-1.deb", 
            "Depends": "mobilesubstrate", 
            "Version": "1.0-1", 
            "Architecture": "iphoneos-arm", 
            "Name": "Lingvo Hack", 
            "SHA256": "0b9299e1d4255ead910d022f7e6f7b968ae9b38dfd055e7b07083dbc2798c1a1", 
            "Size": "3500"
        }, 
        {
            "SHA1": "7b8872214e6f679f74aa2e7853805d4c76177382", 
            "Maintainer": "gebeto <slavik.nychkalo@gmail.com>", 
            "Description": "Lini English Hack \u0432\u0441\u0435 \u043e\u0442\u043a\u0440\u044b\u0442\u043e", 
            "Package": "com.gebeto.linienglishhack", 
            "Author": "gebeto <slavik.nychkalo@gmail.com>", 
            "Section": "Tweaks (Hacks)", 
            "MD5sum": "ecd578a864935e32e4bac93ca7756cc9", 
            "Filename": "./debs/linienglishhack_0.1.deb", 
            "Depends": "mobilesubstrate", 
            "Version": "0.1", 
            "Architecture": "iphoneos-arm", 
            "Name": "Lini English Hack", 
            "SHA256": "1f5e860189c475951b5dcb05567f94b7988b1f35272617eb2aaade450ab548d7", 
            "Size": "3052"
        }, 
        {
            "SHA1": "83ced68d821ec14cb199679583ab3fc7431f6b8f", 
            "Maintainer": "gebeto <slavik.nychkalo@gmail.com>", 
            "Description": "\u0427\u0430\u0441\u044b \u0432 \u043d\u0438\u0436\u043d\u0435\u043c \u0443\u0433\u043b\u0443 \u0435\u043a\u0440\u0430\u043d\u0430", 
            "Package": "com.gebeto.ls161rusmod", 
            "Author": "gebeto <slavik.nychkalo@gmail.com>", 
            "Section": "Widgets", 
            "MD5sum": "04b61758e95ad65308c63599d5e68ec5", 
            "Filename": "./debs/ls161rusmod_1.2.deb", 
            "Version": "1.2", 
            "Architecture": "iphoneos-arm", 
            "Name": "LS 161 Rus Mod", 
            "SHA256": "69dcfb54adbced3a4d64c3ebf5f3d194423fb44f6e9b6a22ba7a3e63c9487348", 
            "Size": "75904"
        }, 
        {
            "SHA1": "e6475d674b3e35421b96a73ae9dc9819bde87c80", 
            "Maintainer": "gebeto <slavik.nychkalo@gmail.com>", 
            "Description": "\u0427\u0430\u0441\u044b \u043f\u0435\u0440\u0435\u0440\u0438\u0432\u0430\u044e\u0449\u0438\u0435\u0441\u044f \u043c\u0430\u0441\u043a\u043e\u0439", 
            "Package": "com.gebeto.maskx", 
            "Author": "gebeto <slavik.nychkalo@gmail.com>", 
            "Section": "Widgets", 
            "MD5sum": "44cb2ddac9d4c7087ddae96aca374845", 
            "Filename": "./debs/maskx_1.0.deb", 
            "Version": "1.0", 
            "Architecture": "iphoneos-arm", 
            "Name": "Maskx", 
            "SHA256": "820a7adff394ab2b0fd3918917a8de3fcac79b7571cd29b260650144b42fd4f4", 
            "Size": "75464"
        }, 
        {
            "SHA1": "dcb44d4a062c6b13b233ddf8733ff8f8f4ab91fa", 
            "Maintainer": "gebeto <slavik.nychkalo@gmail.com>", 
            "Description": "Memrise \u0432\u0437\u043b\u043e\u043c \u043d\u0430 \u043f\u0440\u0435\u043c\u0438\u0443\u043c", 
            "Package": "com.gebeto.memrisehack", 
            "Author": "gebeto <slavik.nychkalo@gmail.com>", 
            "Section": "Tweaks (Hacks)", 
            "MD5sum": "6f7501c1c06d64c4f4eaa5eb8c942e9b", 
            "Filename": "./debs/memrisehack_0.1.deb", 
            "Depends": "mobilesubstrate", 
            "Version": "0.1", 
            "Architecture": "iphoneos-arm", 
            "Name": "Memrise Hack", 
            "SHA256": "5af7070ea1399c5a1688207f7421683f765d42d183eb81b3b9bf937190af1101", 
            "Size": "3060"
        }, 
        {
            "SHA1": "0f1b43574b69f3c2599729e7a7fdd7817e056b69", 
            "Maintainer": "gebeto <slavik.nychkalo@gmail.com>", 
            "Description": "\u0412\u0437\u043b\u043e\u043c \u043d\u0430 \u043f\u0440\u0435\u043c\u0438\u0443\u043c \u0434\u043b\u044f Mimo: Learn how to code through interactive tutorials and quizzes!", 
            "Package": "com.gebeto.mimohack", 
            "Author": "gebeto <slavik.nychkalo@gmail.com>", 
            "Section": "Tweaks (Hacks)", 
            "MD5sum": "170b6ba11407200c86f4c56fe39d6ae8", 
            "Filename": "./debs/mimohack_2.0.deb", 
            "Depends": "mobilesubstrate", 
            "Version": "2.0", 
            "Architecture": "iphoneos-arm", 
            "Name": "Mimo Hack", 
            "SHA256": "fbf3b0931ea3ee663d97fa8adf9533bf8c0dd1b49a0c56386b1a2e91c285f386", 
            "Size": "5612"
        }, 
        {
            "SHA1": "203fda9e89eadc6454b009801b3be3ce5c178619", 
            "Maintainer": "gebeto <slavik.nychkalo@gmail.com>", 
            "Description": "\u0422\u0435\u043c\u0430 \u0434\u043b\u044f \u041a\u043e\u043d\u0442\u0440\u043e\u043b \u0426\u0435\u043d\u0442\u0440\u0430.", 
            "Package": "com.gebeto.muzecc", 
            "Author": "Purdixx", 
            "Section": "Themes", 
            "MD5sum": "ff9a1de6a2c1c6737f42ba1fd0898872", 
            "Filename": "./debs/muzecc_0.1.deb", 
            "Version": "0.1", 
            "Architecture": "iphoneos-arm", 
            "Name": "Muze CC", 
            "SHA256": "ffe887af5233ff5a4a452a6216cffffa46981c2072f93d6d1e6150413f8397a4", 
            "Size": "18308"
        }, 
        {
            "SHA1": "97df69c856578dba54dfe41f99483a30cfeaa466", 
            "Maintainer": "gebeto <slavik.nychkalo@gmail.com>", 
            "Description": "\u0421\u0443\u043f\u0435\u0440 \u043f\u0430\u043a \u0441 \u0441\u0443\u043f\u0435\u0440 \u0432\u043e\u0437\u043c\u043e\u0436\u043d\u043e\u0441\u0442\u044f\u043c\u0438:)", 
            "Package": "com.gebeto.premiumkingpack", 
            "Author": "gebeto <slavik.nychkalo@gmail.com>", 
            "Section": "Themes", 
            "MD5sum": "f9cf6eba297b2cd68d6fa0d2a008a156", 
            "Filename": "./debs/premiumkingpack_9.0.deb", 
            "Version": "9.0", 
            "Architecture": "iphoneos-arm", 
            "Name": "Premium King Pack", 
            "SHA256": "cbb3f27607ce831e7b87d0a641a02c15234115c6459f27fe558caeb118292d0d", 
            "Size": "7504"
        }, 
        {
            "SHA1": "60a1099e71c4d83b21b553ac216a79f1928f981d", 
            "Maintainer": "gebeto <slavik.nychkalo@gmail.com>", 
            "Description": "Shelly terminal premium hack!", 
            "Package": "com.gebeto.shellyhack", 
            "Author": "Alexander Belinsky", 
            "Section": "Tweaks (Hacks)", 
            "MD5sum": "809949259e27a4a5cd638d6387e6b25a", 
            "Filename": "./debs/shellyhack_0.1.deb", 
            "Depends": "mobilesubstrate", 
            "Version": "0.1", 
            "Architecture": "iphoneos-arm", 
            "Name": "Shelly Hack", 
            "SHA256": "c6efb87406e424a63b4fc9e8660b2053489d899a218c1d4e75ff601cc5002703", 
            "Size": "3788"
        }, 
        {
            "SHA1": "c946a993ee03d24694f4d1e234b1d19b229672f9", 
            "Maintainer": "gebeto <slavik.nychkalo@gmail.com>", 
            "Description": "\u0412\u0437\u043b\u043e\u043c \u043d\u0430 \u043f\u0440\u0435\u043c\u0438\u0443\u043c \u0438 \u0432\u0441\u0435 \u043f\u043e\u043a\u0443\u043f\u043a\u0438 https://appsto.re/ru/hqKML.i", 
            "Package": "com.gebeto.truthordarehack", 
            "Author": "gebeto <slavik.nychkalo@gmail.com>", 
            "Section": "Tweaks (Hacks)", 
            "MD5sum": "60bf1149e78dccda902fccd7a1bf837b", 
            "Filename": "./debs/truthordarehack_1.0.deb", 
            "Depends": "mobilesubstrate", 
            "Version": "1.0", 
            "Architecture": "iphoneos-arm", 
            "Name": "Truth Or Dare Hack", 
            "SHA256": "240f29e4b088fc9260e799357b08c06358b2dea24466ce2a1e306426b2243e04", 
            "Size": "3152"
        }, 
        {
            "SHA1": "88719dc5ad0ee700dd699e89a2bbacf8e34f4e92", 
            "Maintainer": "gebeto <slavik.nychkalo@gmail.com>", 
            "Description": "\u041a\u0440\u0443\u0442\u044b\u0435 \u0447\u0430\u0441\u044b \u043d\u0430 \u0432\u0435\u0441\u044c \u0435\u043a\u0440\u0430\u043d!", 
            "Package": "com.gebeto.typo5cydget", 
            "Author": "gebeto <slavik.nychkalo@gmail.com>", 
            "Section": "Widgets", 
            "MD5sum": "37f379491305b242a3807fcd04d0701c", 
            "Filename": "./debs/typo5cydget_1.0.deb", 
            "Version": "1.0", 
            "Architecture": "iphoneos-arm", 
            "Name": "Typo5 Cydget", 
            "SHA256": "0218b628eb83da54ab767478c635d2f901cacfca5190391b98aa88eed358460f", 
            "Size": "16208"
        }, 
        {
            "SHA1": "2cfaccee010caa02b78f017324e5b6f6689c55b3", 
            "Maintainer": "gebeto <slavik.nychkalo@gmail.com>", 
            "Description": "\u0427\u0430\u0441\u044b \u043d\u0430 \u0432\u0435\u0441\u044c \u0435\u043a\u0440\u0430\u043d", 
            "Package": "com.gebeto.typo5lockhtml", 
            "Author": "gebeto <slavik.nychkalo@gmail.com>", 
            "Section": "Widgets", 
            "MD5sum": "9ae62e45a1fc9f843562b152e7ad1737", 
            "Filename": "./debs/typo5lockhtml_2.0.deb", 
            "Version": "2.0", 
            "Architecture": "iphoneos-arm", 
            "Name": "Typo5 LockHTML", 
            "SHA256": "53ea83a1a30ba85b21a98f4efff30c95663875b749385c86d655ecefea75199c", 
            "Size": "16164"
        }, 
        {
            "SHA1": "340d8e63ccd3c782b0558e2df261b0f694f3b787", 
            "Maintainer": "gebeto <slavik.nychkalo@gmail.com>", 
            "Description": "\u0428\u0435\u0434\u0435\u0432\u0440\u0430\u043b\u044c\u043d\u044b\u0435 \u0447\u0430\u0441\u044b \u043d\u0430 \u0432\u0435\u0441\u044c \u0435\u043a\u0440\u0430\u043d", 
            "Package": "com.gebeto.typo5russianlockhtml", 
            "Author": "gebeto <slavik.nychkalo@gmail.com>", 
            "Section": "Widgets", 
            "MD5sum": "7931a52f90c22f5bb681a7e1b4377ad3", 
            "Filename": "./debs/typo5russianlockhtml_2.2.deb", 
            "Version": "2.2", 
            "Architecture": "iphoneos-arm", 
            "Name": "Typo5 Russian LockHTML", 
            "SHA256": "7f58b4fe55d58d140231dd005278cf3980b343e2187fc5a6d56ca70efa6f2133", 
            "Size": "37200"
        }, 
        {
            "SHA1": "20ae9f5926e78cc4b716bf77569c1ffd17e80885", 
            "Maintainer": "gebeto <slavik.nychkalo@gmail.com>", 
            "Description": "\u0422\u0432\u0438\u043a \u0434\u043b\u044f \u043a\u043e\u043f\u0438\u0440\u043e\u0432\u0430\u043d\u0438\u044f \u0442\u043e\u043a\u0435\u043d\u0430 \u0441 VK App", 
            "Package": "com.gebeto.vkappcopytoken", 
            "Author": "gebeto <slavik.nychkalo@gmail.com>", 
            "Section": "Tweaks", 
            "MD5sum": "f12ef32b85d1c2b5a654cda0d2942f52", 
            "Filename": "./debs/vkappcopytoken_0.0.8.deb", 
            "Depends": "mobilesubstrate", 
            "Version": "0.0.8", 
            "Architecture": "iphoneos-arm", 
            "Name": "VKApp Copy Token", 
            "SHA256": "7ed8a16a69fe7113e4a8705ed60f9bf0476f27cbaa1f99832abe586416797bbb", 
            "Size": "5872"
        }, 
        {
            "SHA1": "2acf234fa02ab2bac57ede0fb2dce42f128eb053", 
            "Maintainer": "gebeto <slavik.nychkalo@gmail.com>", 
            "Description": "\u0423\u0431\u0438\u0440\u0430\u0435\u0442 \u043f\u0440\u043e\u0432\u0435\u0440\u043a\u0443 \u0441\u0441\u044b\u043b\u043e\u043a", 
            "Package": "com.gebeto.vkawayremover", 
            "Author": "gebeto <slavik.nychkalo@gmail.com>", 
            "Section": "Tweaks", 
            "MD5sum": "98d73df51120261524b7572e98846317", 
            "Filename": "./debs/vkawayremover_0.1.deb", 
            "Depends": "mobilesubstrate", 
            "Version": "0.1", 
            "Architecture": "iphoneos-arm", 
            "Name": "VK Away Remover", 
            "SHA256": "ad07014658e4791ea7654edfe2332e3a3c0d321b5413aa9187ae81e0301131cf", 
            "Size": "3284"
        }, 
        {
            "SHA1": "f58963076211e06ef15b1508721a94c555c969e0", 
            "Maintainer": "gebeto <slavik.nychkalo@gmail.com>", 
            "Description": "Tweak for Decode and Encode messages in VK.", 
            "Package": "com.gebeto.vkmessagedecoderbeta", 
            "Author": "gebeto <slavik.nychkalo@gmail.com>", 
            "Section": "Tweaks", 
            "MD5sum": "078e96b0175b7c081db99482c7da2116", 
            "Filename": "./debs/vkmessagedecoderbeta_0.1.deb", 
            "Depends": "mobilesubstrate", 
            "Version": "0.1", 
            "Architecture": "iphoneos-arm", 
            "Name": "VK Messages Encode", 
            "SHA256": "d14e3a79e66f0f1d797e8ccde67e6cc3e9026afc59e8e2057c730c6bb1bb3257", 
            "Size": "10576"
        }, 
        {
            "SHA1": "4408ea61810e5f073c4d7724ec7e234edc63979d", 
            "Maintainer": "gebeto <slavik.nychkalo@gmail.com>", 
            "Description": "\u0422\u0432\u0438\u043a \u0434\u043b\u044f \u0431\u043b\u043e\u043a\u0438\u0440\u043e\u0432\u043a\u0438 \u0441\u043e\u043e\u0431\u0449\u0435\u043d\u0438\u0439 VK App \u043d\u0430 \u043f\u0430\u0440\u043e\u043b\u044c 1111", 
            "Package": "com.gebeto.vkmessageslock", 
            "Author": "gebeto <slavik.nychkalo@gmail.com>", 
            "Section": "Tweaks", 
            "MD5sum": "09fead4e8afbcf9cd1745a18448f0546", 
            "Filename": "./debs/vkmessageslock_0.0.1.deb", 
            "Depends": "mobilesubstrate", 
            "Version": "0.0.1", 
            "Architecture": "iphoneos-arm", 
            "Name": "VK Messages Lock", 
            "SHA256": "c9b2d30f0b3f635307c36c54980ea4a0e2d5117f1b932e5159ad7c753ad65c52", 
            "Size": "7192"
        }, 
        {
            "SHA1": "f89fb399c5160592a57d4b1d4f54afcfbad05971", 
            "Maintainer": "gebeto <slavik.nychkalo@gmail.com>", 
            "Description": "\u0422\u0432\u0438\u043a \u0434\u043b\u044f \u043f\u043e\u043b\u0443\u0447\u0435\u043d\u0438\u044f \u043f\u0440\u044f\u043c\u043e\u0439 \u0441\u0441\u044b\u043b\u043a\u0438 \u043d\u0430 \u0432\u0438\u0434\u0435\u043e \u0434\u043b\u0438\u043d\u043d\u044b\u043c \u0442\u0430\u043f\u043e\u043c", 
            "Package": "com.gebeto.vkvideourl", 
            "Author": "gebeto <slavik.nychkalo@gmail.com>", 
            "Section": "Tweaks", 
            "MD5sum": "9bee29f10b9700978d42fcb020d801fd", 
            "Filename": "./debs/vkvideourl_1.0.deb", 
            "Depends": "mobilesubstrate", 
            "Version": "1.0", 
            "Architecture": "iphoneos-arm", 
            "Name": "VK Video URL", 
            "SHA256": "a2bdc5a6182e3c70440a6d6fbb388572e1cf79eed6cb8a22004ff9a0be3f4094", 
            "Size": "8756"
        }, 
        {
            "SHA1": "93e60ceb039cd211a50276eeaef70e5d164de38c", 
            "Maintainer": "gebeto <slavik.nychkalo@gmail.com>", 
            "Description": "Voloco Hack open all for free", 
            "Package": "com.gebeto.volocohack", 
            "Author": "gebeto <slavik.nychkalo@gmail.com>", 
            "Section": "Tweaks (Hacks)", 
            "MD5sum": "24a11747f2425ed84c421552c429fc96", 
            "Filename": "./debs/volocohack_0.1.deb", 
            "Depends": "mobilesubstrate", 
            "Version": "0.1", 
            "Architecture": "iphoneos-arm", 
            "Name": "Voloco Hack", 
            "SHA256": "0dff4716375d8bad8ae4fe210a6dca9485b4aa086720f0b447dd0f3fbb21d9c5", 
            "Size": "3608"
        }, 
        {
            "SHA1": "c9d5e8c5e8f1d9f87d84a92866775b1ce98e110d", 
            "Maintainer": "SlavikNychkalo", 
            "Description": "VPN Master 2 VIP Hack open VIP VPNs", 
            "Package": "com.gebeto.vpnmaster2", 
            "Author": "SlavikNychkalo", 
            "Section": "Tweaks", 
            "MD5sum": "26eb7022012284c2eb8e20470e6997bb", 
            "Installed-Size": "136", 
            "Filename": "./debs/com.gebeto.vpnmaster_0.0.1.deb", 
            "Depends": "mobilesubstrate", 
            "Version": "0.0.1", 
            "Architecture": "iphoneos-arm", 
            "Name": "VPN Master Hack 2", 
            "SHA256": "fd287b6e29f5143f32069308ea2034ce064663c8f76832dad2182c31d8c034b6", 
            "Size": "3044"
        }, 
        {
            "SHA1": "327e6a362e5b6a124f6a37ee20de65bcdfdc0771", 
            "Maintainer": "gebeto <slavik.nychkalo@gmail.com>", 
            "Description": "VPN Master VIP Hack open VIP VPNs                                                                                  https://appsto.re/ru/D3Wi9.i", 
            "Package": "com.gebeto.vpnmasterhack", 
            "Author": "gebeto <slavik.nychkalo@gmail.com>", 
            "Section": "Tweaks (Hacks)", 
            "MD5sum": "dbb8e2e0e806c9593de6c0a03ee431e7", 
            "Filename": "./debs/vpnmasterhack_0.1.deb", 
            "Depends": "mobilesubstrate", 
            "Version": "0.1", 
            "Architecture": "iphoneos-arm", 
            "Name": "VPN Master Hack", 
            "SHA256": "d2b0ed565c43df7b2e7edd0e33abdf1b97a5271650a44aa0df098cb5daa922eb", 
            "Size": "3500"
        }, 
        {
            "SHA1": "c96ce5f9a7abd7939b2fd32b4653cd625c74a868", 
            "Maintainer": "gebeto <slavik.nychkalo@gmail.com>", 
            "Description": "\u0425\u0430\u043a \u043d\u0430 \u043f\u0440\u0438\u043b\u043e\u0436\u0435\u043d\u0438\u0435 Zvooq, \u043f\u043e\u0434\u043f\u0438\u0441\u043a\u0430 \u0438 \u0443\u0431\u0440\u0430\u043d\u0430 \u0440\u0435\u043a\u043b\u0430\u043c\u0430", 
            "Package": "com.gebeto.zvooqhack", 
            "Author": "gebeto <slavik.nychkalo@gmail.com>", 
            "Section": "Tweaks (Hacks)", 
            "MD5sum": "5b0e97c800c9af6e12ea12ce524b5283", 
            "Filename": "./debs/zvooqhack_0.1.deb", 
            "Depends": "mobilesubstrate", 
            "Version": "0.1", 
            "Architecture": "iphoneos-arm", 
            "Name": "Zvooq Hack", 
            "SHA256": "a1121a5388d0ea438cf14f6faee86436c9ed218c44d47c298f6cce7da7a05460", 
            "Size": "3868"
        }, 
        {
            "SHA1": "24077d15af0d87c556f455105f160451599c1117", 
            "Maintainer": "Alban Diquet <nabla.c0d3@gmail.com>", 
            "Description": "Blackbox tool to disable SSL certificate validation - including certificate pinning - within iOS and OS X Apps.", 
            "Package": "com.nablac0d3.sslkillswitch2", 
            "Author": "Alban Diquet <nabla.c0d3@gmail.com>", 
            "Section": "Tweaks", 
            "MD5sum": "342e279638a49d6f1824dc743711da07", 
            "Installed-Size": "84", 
            "Filename": "./debs/com.nablac0d3.sslkillswitch2_0.14.deb", 
            "Depends": "mobilesubstrate, preferenceloader", 
            "Version": "0.14-3+debug", 
            "Architecture": "iphoneos-arm", 
            "Name": "SSL Kill Switch 2", 
            "SHA256": "9685215a38b1f590694620caf749806a93d50d2a27d29ba28dfe7e9aeea9a6c5", 
            "Size": "7336"
        }
    ], 
    "update": "2020-01-10 23:52:41.475973", 
    "update_info": {
        "date": {
            "year": 2020, 
            "day": 10, 
            "month": 1
        }, 
        "str_time": "23:52", 
        "str_date": "10/01/2020", 
        "time": {
            "second": 41, 
            "minute": 52, 
            "hour": 23
        }
    }
}